,LGBMClassifier,AdaBoostClassifier,GradientBoostingClassifier,RandomForestClassifier,ExtraTreesClassifier
(Acc) Fold 1,0.4133197291531398,0.3715796308320193,0.3783508023374455,0.41062981170577867,0.3966236898246916
(Acc) Fold 2,0.37989794935977667,0.3660344661596226,0.3649754500818331,0.37960912679310677,0.4096466737267738
(Acc) Fold 3,0.41444420738212073,0.35395775549391933,0.3830808619586089,0.39001493492639216,0.38681459355664605
(Acc) Fold 4,0.4316508937960042,0.3704521556256572,0.40841219768664566,0.3992639327024185,0.39789695057833857
(Acc) Fold 5,0.4184310229552039,0.3765322041453087,0.39046133273902384,0.4119679072877201,0.4002674392689993
