,LGBMClassifier,AdaBoostClassifier,GradientBoostingClassifier,RandomForestClassifier,ExtraTreesClassifier
(F1) Fold 1,0.3333851226631673,0.3341629956790629,0.3295869480934264,0.313316889804165,0.2996020833947963
(F1) Fold 2,0.3620098872718889,0.3420361854026693,0.32985413077347525,0.3515072130973937,0.3649195390429086
(F1) Fold 3,0.37746896948169056,0.3226704506025868,0.3335569266872387,0.3368052404011305,0.3163689015838935
(F1) Fold 4,0.38059364718591465,0.34055503216385813,0.3416348659274022,0.3612143039630742,0.35412009429575697
(F1) Fold 5,0.359736988628715,0.35646928089777186,0.3480514113226519,0.3752648573272605,0.34833803506145394
