,LGBMClassifier,AdaBoostClassifier,GradientBoostingClassifier,RandomForestClassifier,ExtraTreesClassifier
(F1) Fold 1,0.2983353710704068,0.33756648729247624,0.31157068484012806,0.3256781232400351,0.31541094409836573
(F1) Fold 2,0.34301928809218446,0.35039114085003464,0.33526227609778636,0.34507133248390714,0.35115120668745053
(F1) Fold 3,0.3828321515315897,0.347430017148361,0.3526415507742073,0.35230641495450926,0.3219389350397801
(F1) Fold 4,0.39620272530658696,0.35091993817327394,0.35546220710467374,0.3801157885917199,0.37213708251247946
(F1) Fold 5,0.3593446939428692,0.35281052084110404,0.3758753588616595,0.37388751991066727,0.34618698271945236
